row.names,encuesta,Prioridades,Frecuencia,Porcentaje,fecha
1,29,No sabe,1,0.0668896321070234,1995-01-06 00:00:00+00
10,29,Sueldos,91,6.08695652173913,1995-01-06 00:00:00+00
100,35,Empleo,165,10.9634551495017,1998-09-06 00:00:00+00
1000,91,Inmigración,90,6.0893098782138,2024-07-30 00:00:00+00
1001,91,Desigualdad,33,2.23274695534506,2024-07-30 00:00:00+00
1002,91,"Alzas de precios, inflación",10,0.6765899864682,2024-07-30 00:00:00+00
1003,91,Violencia,30,2.0297699594046,2024-07-30 00:00:00+00
1004,92,No contesta,1,0.0674763832658569,2024-10-02 00:00:00+00
1005,92,Pensiones,222,14.9797570850202,2024-10-02 00:00:00+00
1006,92,Corrupción,91,6.14035087719298,2024-10-02 00:00:00+00
1007,92,"Delincuencia, asaltos y robos",481,32.4561403508772,2024-10-02 00:00:00+00
1008,92,Derechos humanos,7,0.472334682860999,2024-10-02 00:00:00+00
1009,92,Educación,88,5.93792172739541,2024-10-02 00:00:00+00
101,35,Pobreza,201,13.3554817275747,1998-09-06 00:00:00+00
1010,92,Empleo,33,2.22672064777328,2024-10-02 00:00:00+00
1011,92,Pobreza,38,2.56410256410256,2024-10-02 00:00:00+00
1012,92,Protección del medio ambiente,17,1.14709851551957,2024-10-02 00:00:00+00
1013,92,Narcotráfico,196,13.225371120108,2024-10-02 00:00:00+00
1014,92,Salud,107,7.21997300944669,2024-10-02 00:00:00+00
1015,92,Sueldos,28,1.88933873144399,2024-10-02 00:00:00+00
1016,92,Transporte público,6,0.404858299595142,2024-10-02 00:00:00+00
1017,92,Vivienda,20,1.34952766531714,2024-10-02 00:00:00+00
1018,92,Inmigración,51,3.4412955465587,2024-10-02 00:00:00+00
1019,92,Desigualdad,20,1.34952766531714,2024-10-02 00:00:00+00
102,35,Protección del medio ambiente,5,0.332225913621262,1998-09-06 00:00:00+00
1020,92,"Alzas de precios, inflación",8,0.539811066126856,2024-10-02 00:00:00+00
1021,92,Violencia,68,4.58839406207827,2024-10-02 00:00:00+00
1022,93,No contesta,5,0.334896182183523,2025-05-07 00:00:00+00
1023,93,No sabe,3,0.200937709310114,2025-05-07 00:00:00+00
1024,93,Pensiones,168,11.2525117213664,2025-05-07 00:00:00+00
1025,93,Corrupción,87,5.8271935699933,2025-05-07 00:00:00+00
1026,93,"Delincuencia, asaltos y robos",504,33.7575351640991,2025-05-07 00:00:00+00
1027,93,Derechos humanos,14,0.937709310113865,2025-05-07 00:00:00+00
1028,93,Educación,124,8.30542531815137,2025-05-07 00:00:00+00
1029,93,Empleo,56,3.75083724045546,2025-05-07 00:00:00+00
103,35,Narcotráfico,57,3.78737541528239,1998-09-06 00:00:00+00
1030,93,Pobreza,58,3.88479571332887,2025-05-07 00:00:00+00
1031,93,Protección del medio ambiente,12,0.803750837240455,2025-05-07 00:00:00+00
1032,93,Narcotráfico,111,7.43469524447421,2025-05-07 00:00:00+00
1033,93,Salud,158,10.5827193569993,2025-05-07 00:00:00+00
1034,93,Sueldos,48,3.21500334896182,2025-05-07 00:00:00+00
1035,93,Transporte público,6,0.401875418620228,2025-05-07 00:00:00+00
1036,93,Vivienda,24,1.60750167448091,2025-05-07 00:00:00+00
1037,93,Inmigración,53,3.54989953114535,2025-05-07 00:00:00+00
1038,93,Desigualdad,16,1.07166778298727,2025-05-07 00:00:00+00
1039,93,"Alzas de precios, inflación",6,0.401875418620228,2025-05-07 00:00:00+00
104,35,Salud,154,10.2325581395349,1998-09-06 00:00:00+00
1040,93,Violencia,40,2.67916945746819,2025-05-07 00:00:00+00
1041,94,Pensiones,185,12.2760451227605,2025-06-09 00:00:00+00
1042,94,Corrupción,88,5.83941605839416,2025-06-09 00:00:00+00
1043,94,"Delincuencia, asaltos y robos",440,29.1970802919708,2025-06-09 00:00:00+00
1044,94,Derechos humanos,6,0.39814200398142,2025-06-09 00:00:00+00
1045,94,Educación,84,5.57398805573988,2025-06-09 00:00:00+00
1046,94,Empleo,43,2.85335102853351,2025-06-09 00:00:00+00
1047,94,Pobreza,85,5.64034505640345,2025-06-09 00:00:00+00
1048,94,Protección del medio ambiente,7,0.46449900464499,2025-06-09 00:00:00+00
1049,94,Narcotráfico,63,4.18049104180491,2025-06-09 00:00:00+00
105,35,Sueldos,97,6.44518272425249,1998-09-06 00:00:00+00
1050,94,Salud,242,16.0583941605839,2025-06-09 00:00:00+00
1051,94,Sueldos,46,3.05242203052422,2025-06-09 00:00:00+00
1052,94,Transporte público,3,0.19907100199071,2025-06-09 00:00:00+00
1053,94,Vivienda,22,1.45985401459854,2025-06-09 00:00:00+00
1054,94,Inmigración,81,5.37491705374917,2025-06-09 00:00:00+00
1055,94,Desigualdad,14,0.92899800928998,2025-06-09 00:00:00+00
1056,94,"Alzas de precios, inflación",11,0.72992700729927,2025-06-09 00:00:00+00
1057,94,Violencia,84,5.57398805573988,2025-06-09 00:00:00+00
106,35,Vivienda,38,2.52491694352159,1998-09-06 00:00:00+00
107,35,Reformas constitucionales,26,1.72757475083056,1998-09-06 00:00:00+00
108,35,"Alzas de precios, inflación",106,7.04318936877076,1998-09-06 00:00:00+00
109,35,Infraestructura,6,0.398671096345515,1998-09-06 00:00:00+00
11,29,Vivienda,72,4.81605351170569,1995-01-06 00:00:00+00
110,35,Sistema judicial,93,6.17940199335548,1998-09-06 00:00:00+00
111,36,No contesta,4,0.266134397870925,1998-07-20 00:00:00+00
112,36,Corrupción,68,4.52428476380572,1998-07-20 00:00:00+00
113,36,"Delincuencia, asaltos y robos",318,21.1576846307385,1998-07-20 00:00:00+00
114,36,Derechos humanos,27,1.79640718562874,1998-07-20 00:00:00+00
115,36,Educación,95,6.32069194943447,1998-07-20 00:00:00+00
116,36,Empleo,163,10.8449767132402,1998-07-20 00:00:00+00
117,36,Pobreza,204,13.5728542914172,1998-07-20 00:00:00+00
118,36,Protección del medio ambiente,30,1.99600798403194,1998-07-20 00:00:00+00
119,36,Narcotráfico,85,5.65535595475715,1998-07-20 00:00:00+00
12,29,"Alzas de precios, inflación",144,9.63210702341137,1995-01-06 00:00:00+00
120,36,Salud,260,17.2987358616101,1998-07-20 00:00:00+00
121,36,Sueldos,80,5.3226879574185,1998-07-20 00:00:00+00
122,36,Vivienda,35,2.32867598137059,1998-07-20 00:00:00+00
123,36,Reformas constitucionales,11,0.731869594145043,1998-07-20 00:00:00+00
124,36,"Alzas de precios, inflación",71,4.72388556220892,1998-07-20 00:00:00+00
125,36,Infraestructura,13,0.864936793080506,1998-07-20 00:00:00+00
126,36,Sistema judicial,39,2.59481037924152,1998-07-20 00:00:00+00
127,37,Corrupción,39,2.59136212624585,1999-06-06 00:00:00+00
128,37,"Delincuencia, asaltos y robos",217,14.4186046511628,1999-06-06 00:00:00+00
129,37,Derechos humanos,25,1.66112956810631,1999-06-06 00:00:00+00
13,29,Protestas y desórdenes callejeros,5,0.334448160535117,1995-01-06 00:00:00+00
130,37,Educación,78,5.18272425249169,1999-06-06 00:00:00+00
131,37,Empleo,277,18.4053156146179,1999-06-06 00:00:00+00
132,37,Pobreza,331,21.9933554817276,1999-06-06 00:00:00+00
133,37,Protección del medio ambiente,26,1.72757475083056,1999-06-06 00:00:00+00
134,37,Narcotráfico,103,6.84385382059801,1999-06-06 00:00:00+00
135,37,Salud,142,9.43521594684385,1999-06-06 00:00:00+00
136,37,Sueldos,88,5.84717607973422,1999-06-06 00:00:00+00
137,37,Vivienda,43,2.85714285714286,1999-06-06 00:00:00+00
138,37,Reformas constitucionales,20,1.32890365448505,1999-06-06 00:00:00+00
139,37,"Alzas de precios, inflación",52,3.45514950166113,1999-06-06 00:00:00+00
14,29,Terrorismo,13,0.869565217391304,1995-01-06 00:00:00+00
140,37,Infraestructura,13,0.863787375415282,1999-06-06 00:00:00+00
141,37,Sistema judicial,43,2.85714285714286,1999-06-06 00:00:00+00
142,38,No contesta,3,0.199468085106383,1999-10-26 00:00:00+00
143,38,No sabe,1,0.0664893617021277,1999-10-26 00:00:00+00
144,38,Corrupción,38,2.52659574468085,1999-10-26 00:00:00+00
145,38,"Delincuencia, asaltos y robos",294,19.5478723404255,1999-10-26 00:00:00+00
146,38,Derechos humanos,24,1.59574468085106,1999-10-26 00:00:00+00
147,38,Educación,93,6.18351063829787,1999-10-26 00:00:00+00
148,38,Empleo,338,22.4734042553191,1999-10-26 00:00:00+00
149,38,Pobreza,271,18.0186170212766,1999-10-26 00:00:00+00
15,30,Corrupción,88,5.85495675316035,1995-07-06 00:00:00+00
150,38,Protección del medio ambiente,9,0.598404255319149,1999-10-26 00:00:00+00
151,38,Narcotráfico,62,4.12234042553191,1999-10-26 00:00:00+00
152,38,Salud,144,9.57446808510638,1999-10-26 00:00:00+00
153,38,Sueldos,81,5.38563829787234,1999-10-26 00:00:00+00
154,38,Vivienda,64,4.25531914893617,1999-10-26 00:00:00+00
155,38,Reformas constitucionales,30,1.99468085106383,1999-10-26 00:00:00+00
156,38,"Alzas de precios, inflación",40,2.65957446808511,1999-10-26 00:00:00+00
157,38,Infraestructura,2,0.132978723404255,1999-10-26 00:00:00+00
158,38,Sistema judicial,10,0.664893617021277,1999-10-26 00:00:00+00
159,39,No contesta,1,0.0665335994677312,2000-04-01 00:00:00+00
16,30,"Delincuencia, asaltos y robos",324,21.5568862275449,1995-07-06 00:00:00+00
160,39,No sabe,1,0.0665335994677312,2000-04-01 00:00:00+00
161,39,Corrupción,30,1.99600798403194,2000-04-01 00:00:00+00
162,39,"Delincuencia, asaltos y robos",250,16.6333998669328,2000-04-01 00:00:00+00
163,39,Derechos humanos,24,1.59680638722555,2000-04-01 00:00:00+00
164,39,Educación,95,6.32069194943447,2000-04-01 00:00:00+00
165,39,Empleo,263,17.4983366600133,2000-04-01 00:00:00+00
166,39,Pobreza,269,17.8975382568197,2000-04-01 00:00:00+00
167,39,Protección del medio ambiente,14,0.931470392548237,2000-04-01 00:00:00+00
168,39,Narcotráfico,87,5.78842315369261,2000-04-01 00:00:00+00
169,39,Salud,165,10.9780439121756,2000-04-01 00:00:00+00
17,30,Derechos humanos,30,1.99600798403194,1995-07-06 00:00:00+00
170,39,Sueldos,136,9.04856952761144,2000-04-01 00:00:00+00
171,39,Vivienda,55,3.65934797072522,2000-04-01 00:00:00+00
172,39,Reformas constitucionales,19,1.26413838988689,2000-04-01 00:00:00+00
173,39,"Alzas de precios, inflación",57,3.79241516966068,2000-04-01 00:00:00+00
174,39,Infraestructura,5,0.332667997338656,2000-04-01 00:00:00+00
175,39,Sistema judicial,32,2.1290751829674,2000-04-01 00:00:00+00
176,40,No contesta,2,0.133067198935462,2001-01-06 00:00:00+00
177,40,No sabe,3,0.199600798403194,2001-01-06 00:00:00+00
178,40,Corrupción,41,2.72787757817698,2001-01-06 00:00:00+00
179,40,"Delincuencia, asaltos y robos",233,15.5023286759814,2001-01-06 00:00:00+00
18,30,Educación,141,9.3812375249501,1995-07-06 00:00:00+00
180,40,Derechos humanos,18,1.19760479041916,2001-01-06 00:00:00+00
181,40,Educación,80,5.3226879574185,2001-01-06 00:00:00+00
182,40,Empleo,363,24.1516966067864,2001-01-06 00:00:00+00
183,40,Pobreza,256,17.0326014637392,2001-01-06 00:00:00+00
184,40,Protección del medio ambiente,28,1.86294078509647,2001-01-06 00:00:00+00
185,40,Narcotráfico,93,6.187624750499,2001-01-06 00:00:00+00
186,40,Salud,107,7.11909514304724,2001-01-06 00:00:00+00
187,40,Sueldos,93,6.187624750499,2001-01-06 00:00:00+00
188,40,Vivienda,52,3.45974717232202,2001-01-06 00:00:00+00
189,40,Reformas constitucionales,18,1.19760479041916,2001-01-06 00:00:00+00
19,30,Empleo,143,9.51430472388556,1995-07-06 00:00:00+00
190,40,"Alzas de precios, inflación",88,5.85495675316035,2001-01-06 00:00:00+00
191,40,Infraestructura,5,0.332667997338656,2001-01-06 00:00:00+00
192,40,Sistema judicial,23,1.53027278775782,2001-01-06 00:00:00+00
193,41,No sabe,1,0.066577896138482,2001-07-20 00:00:00+00
194,41,Corrupción,39,2.5965379494008,2001-07-20 00:00:00+00
195,41,"Delincuencia, asaltos y robos",189,12.5832223701731,2001-07-20 00:00:00+00
196,41,Derechos humanos,21,1.39813581890812,2001-07-20 00:00:00+00
197,41,Educación,94,6.25832223701731,2001-07-20 00:00:00+00
198,41,Empleo,398,26.4980026631158,2001-07-20 00:00:00+00
199,41,Pobreza,245,16.3115845539281,2001-07-20 00:00:00+00
2,29,Corrupción,73,4.88294314381271,1995-01-06 00:00:00+00
20,30,Pobreza,251,16.6999334664005,1995-07-06 00:00:00+00
200,41,Protección del medio ambiente,13,0.865512649800266,2001-07-20 00:00:00+00
201,41,Narcotráfico,77,5.12649800266312,2001-07-20 00:00:00+00
202,41,Salud,147,9.78695073235686,2001-07-20 00:00:00+00
203,41,Sueldos,112,7.45672436750999,2001-07-20 00:00:00+00
204,41,Vivienda,66,4.39414114513981,2001-07-20 00:00:00+00
205,41,Reformas constitucionales,19,1.26498002663116,2001-07-20 00:00:00+00
206,41,"Alzas de precios, inflación",54,3.59520639147803,2001-07-20 00:00:00+00
207,41,Infraestructura,5,0.33288948069241,2001-07-20 00:00:00+00
208,41,Sistema judicial,22,1.4647137150466,2001-07-20 00:00:00+00
209,42,No contesta,2,0.133244503664224,2002-01-28 00:00:00+00
21,30,Protección del medio ambiente,25,1.66333998669328,1995-07-06 00:00:00+00
210,42,Corrupción,47,3.13124583610926,2002-01-28 00:00:00+00
211,42,"Delincuencia, asaltos y robos",205,13.6575616255829,2002-01-28 00:00:00+00
212,42,Derechos humanos,13,0.866089273817455,2002-01-28 00:00:00+00
213,42,Educación,102,6.79546968687542,2002-01-28 00:00:00+00
214,42,Empleo,422,28.1145902731512,2002-01-28 00:00:00+00
215,42,Pobreza,195,12.9913391072618,2002-01-28 00:00:00+00
216,42,Protección del medio ambiente,18,1.19920053297801,2002-01-28 00:00:00+00
217,42,Narcotráfico,78,5.19653564290473,2002-01-28 00:00:00+00
218,42,Salud,138,9.19387075283145,2002-01-28 00:00:00+00
219,42,Sueldos,106,7.06195869420386,2002-01-28 00:00:00+00
22,30,Narcotráfico,104,6.91949434464405,1995-07-06 00:00:00+00
220,42,Vivienda,65,4.33044636908727,2002-01-28 00:00:00+00
221,42,Reformas constitucionales,26,1.73217854763491,2002-01-28 00:00:00+00
222,42,"Alzas de precios, inflación",46,3.06462358427715,2002-01-28 00:00:00+00
223,42,Infraestructura,6,0.399733510992672,2002-01-28 00:00:00+00
224,42,Sistema judicial,32,2.13191205862758,2002-01-28 00:00:00+00
225,43,No contesta,4,0.265957446808511,2002-08-23 00:00:00+00
226,43,No sabe,4,0.265957446808511,2002-08-23 00:00:00+00
227,43,Corrupción,54,3.59042553191489,2002-08-23 00:00:00+00
228,43,"Delincuencia, asaltos y robos",249,16.5558510638298,2002-08-23 00:00:00+00
229,43,Derechos humanos,14,0.930851063829787,2002-08-23 00:00:00+00
23,30,Salud,102,6.78642714570858,1995-07-06 00:00:00+00
230,43,Educación,75,4.98670212765957,2002-08-23 00:00:00+00
231,43,Empleo,321,21.343085106383,2002-08-23 00:00:00+00
232,43,Pobreza,235,15.625,2002-08-23 00:00:00+00
233,43,Protección del medio ambiente,19,1.26329787234043,2002-08-23 00:00:00+00
234,43,Narcotráfico,62,4.12234042553191,2002-08-23 00:00:00+00
235,43,Salud,181,12.0345744680851,2002-08-23 00:00:00+00
236,43,Sueldos,83,5.5186170212766,2002-08-23 00:00:00+00
237,43,Vivienda,65,4.3218085106383,2002-08-23 00:00:00+00
238,43,Reformas constitucionales,34,2.26063829787234,2002-08-23 00:00:00+00
239,43,"Alzas de precios, inflación",31,2.06117021276596,2002-08-23 00:00:00+00
24,30,Sueldos,67,4.45775116433799,1995-07-06 00:00:00+00
240,43,Infraestructura,8,0.531914893617021,2002-08-23 00:00:00+00
241,43,Sistema judicial,65,4.3218085106383,2002-08-23 00:00:00+00
242,44,No contesta,5,0.332225913621262,2003-07-17 00:00:00+00
243,44,No sabe,1,0.0664451827242525,2003-07-17 00:00:00+00
244,44,Corrupción,89,5.91362126245847,2003-07-17 00:00:00+00
245,44,"Delincuencia, asaltos y robos",210,13.953488372093,2003-07-17 00:00:00+00
246,44,Derechos humanos,17,1.12956810631229,2003-07-17 00:00:00+00
247,44,Educación,85,5.64784053156146,2003-07-17 00:00:00+00
248,44,Empleo,319,21.1960132890365,2003-07-17 00:00:00+00
249,44,Pobreza,283,18.8039867109635,2003-07-17 00:00:00+00
25,30,Vivienda,58,3.85894876912841,1995-07-06 00:00:00+00
250,44,Protección del medio ambiente,5,0.332225913621262,2003-07-17 00:00:00+00
251,44,Narcotráfico,69,4.58471760797342,2003-07-17 00:00:00+00
252,44,Salud,163,10.8305647840532,2003-07-17 00:00:00+00
253,44,Sueldos,119,7.90697674418605,2003-07-17 00:00:00+00
254,44,Vivienda,37,2.45847176079734,2003-07-17 00:00:00+00
255,44,Reformas constitucionales,20,1.32890365448505,2003-07-17 00:00:00+00
256,44,"Alzas de precios, inflación",38,2.52491694352159,2003-07-17 00:00:00+00
257,44,Infraestructura,10,0.664451827242525,2003-07-17 00:00:00+00
258,44,Sistema judicial,35,2.32558139534884,2003-07-17 00:00:00+00
259,45,No contesta,2,0.133067198935462,2003-07-30 00:00:00+00
26,30,"Alzas de precios, inflación",163,10.8449767132402,1995-07-06 00:00:00+00
260,45,Corrupción,66,4.39121756487026,2003-07-30 00:00:00+00
261,45,"Delincuencia, asaltos y robos",259,17.2322022621424,2003-07-30 00:00:00+00
262,45,Derechos humanos,17,1.13107119095143,2003-07-30 00:00:00+00
263,45,Educación,120,7.98403193612774,2003-07-30 00:00:00+00
264,45,Empleo,270,17.9640718562874,2003-07-30 00:00:00+00
265,45,Pobreza,212,14.105123087159,2003-07-30 00:00:00+00
266,45,Protección del medio ambiente,14,0.931470392548237,2003-07-30 00:00:00+00
267,45,Narcotráfico,77,5.1230871590153,2003-07-30 00:00:00+00
268,45,Salud,171,11.377245508982,2003-07-30 00:00:00+00
269,45,Sueldos,116,7.71789753825682,2003-07-30 00:00:00+00
27,30,Terrorismo,7,0.465735196274118,1995-07-06 00:00:00+00
270,45,Vivienda,58,3.85894876912841,2003-07-30 00:00:00+00
271,45,Reformas constitucionales,19,1.26413838988689,2003-07-30 00:00:00+00
272,45,"Alzas de precios, inflación",56,3.72588157019295,2003-07-30 00:00:00+00
273,45,Infraestructura,9,0.598802395209581,2003-07-30 00:00:00+00
274,45,Sistema judicial,37,2.46174318030605,2003-07-30 00:00:00+00
275,46,No contesta,1,0.0664451827242525,2003-12-07 00:00:00+00
276,46,No sabe,1,0.0664451827242525,2003-12-07 00:00:00+00
277,46,Corrupción,91,6.04651162790698,2003-12-07 00:00:00+00
278,46,"Delincuencia, asaltos y robos",346,22.9900332225914,2003-12-07 00:00:00+00
279,46,Derechos humanos,14,0.930232558139535,2003-12-07 00:00:00+00
28,31,No contesta,3,0.199600798403194,1995-12-24 00:00:00+00
280,46,Educación,119,7.90697674418605,2003-12-07 00:00:00+00
281,46,Empleo,197,13.0897009966777,2003-12-07 00:00:00+00
282,46,Pobreza,198,13.156146179402,2003-12-07 00:00:00+00
283,46,Protección del medio ambiente,18,1.19601328903654,2003-12-07 00:00:00+00
284,46,Narcotráfico,88,5.84717607973422,2003-12-07 00:00:00+00
285,46,Salud,153,10.1661129568106,2003-12-07 00:00:00+00
286,46,Sueldos,126,8.37209302325581,2003-12-07 00:00:00+00
287,46,Vivienda,41,2.72425249169435,2003-12-07 00:00:00+00
288,46,Reformas constitucionales,16,1.06312292358804,2003-12-07 00:00:00+00
289,46,"Alzas de precios, inflación",38,2.52491694352159,2003-12-07 00:00:00+00
29,31,No sabe,1,0.0665335994677312,1995-12-24 00:00:00+00
290,46,Infraestructura,6,0.398671096345515,2003-12-07 00:00:00+00
291,46,Sistema judicial,52,3.45514950166113,2003-12-07 00:00:00+00
292,47,No contesta,3,0.199468085106383,2004-07-28 00:00:00+00
293,47,No sabe,1,0.0664893617021277,2004-07-28 00:00:00+00
294,47,Corrupción,95,6.31648936170213,2004-07-28 00:00:00+00
295,47,"Delincuencia, asaltos y robos",328,21.8085106382979,2004-07-28 00:00:00+00
296,47,Derechos humanos,15,0.997340425531915,2004-07-28 00:00:00+00
297,47,Educación,87,5.78457446808511,2004-07-28 00:00:00+00
298,47,Empleo,234,15.5585106382979,2004-07-28 00:00:00+00
299,47,Pobreza,198,13.1648936170213,2004-07-28 00:00:00+00
3,29,"Delincuencia, asaltos y robos",284,18.9966555183946,1995-01-06 00:00:00+00
30,31,Corrupción,60,3.99201596806387,1995-12-24 00:00:00+00
300,47,Protección del medio ambiente,13,0.86436170212766,2004-07-28 00:00:00+00
301,47,Narcotráfico,73,4.85372340425532,2004-07-28 00:00:00+00
302,47,Salud,172,11.436170212766,2004-07-28 00:00:00+00
303,47,Sueldos,113,7.51329787234043,2004-07-28 00:00:00+00
304,47,Vivienda,53,3.52393617021277,2004-07-28 00:00:00+00
305,47,Reformas constitucionales,12,0.797872340425532,2004-07-28 00:00:00+00
306,47,"Alzas de precios, inflación",37,2.46010638297872,2004-07-28 00:00:00+00
307,47,Infraestructura,11,0.731382978723404,2004-07-28 00:00:00+00
308,47,Sistema judicial,59,3.92287234042553,2004-07-28 00:00:00+00
309,48,No contesta,3,0.199600798403194,2004-12-10 00:00:00+00
31,31,"Delincuencia, asaltos y robos",227,15.103127079175,1995-12-24 00:00:00+00
310,48,No sabe,3,0.199600798403194,2004-12-10 00:00:00+00
311,48,Corrupción,80,5.3226879574185,2004-12-10 00:00:00+00
312,48,"Delincuencia, asaltos y robos",320,21.290751829674,2004-12-10 00:00:00+00
313,48,Derechos humanos,12,0.798403193612774,2004-12-10 00:00:00+00
314,48,Educación,117,7.78443113772455,2004-12-10 00:00:00+00
315,48,Empleo,243,16.1676646706587,2004-12-10 00:00:00+00
316,48,Pobreza,181,12.0425815036593,2004-12-10 00:00:00+00
317,48,Protección del medio ambiente,9,0.598802395209581,2004-12-10 00:00:00+00
318,48,Narcotráfico,95,6.32069194943447,2004-12-10 00:00:00+00
319,48,Salud,160,10.645375914837,2004-12-10 00:00:00+00
32,31,Derechos humanos,37,2.46174318030605,1995-12-24 00:00:00+00
320,48,Sueldos,128,8.51630073186959,2004-12-10 00:00:00+00
321,48,Vivienda,45,2.9940119760479,2004-12-10 00:00:00+00
322,48,Reformas constitucionales,21,1.39720558882236,2004-12-10 00:00:00+00
323,48,"Alzas de precios, inflación",36,2.39520958083832,2004-12-10 00:00:00+00
324,48,Infraestructura,6,0.399201596806387,2004-12-10 00:00:00+00
325,48,Sistema judicial,44,2.92747837658017,2004-12-10 00:00:00+00
326,49,No contesta,6,0.398671096345515,2005-07-14 00:00:00+00
327,49,Corrupción,68,4.51827242524917,2005-07-14 00:00:00+00
328,49,"Delincuencia, asaltos y robos",355,23.5880398671096,2005-07-14 00:00:00+00
329,49,Derechos humanos,16,1.06312292358804,2005-07-14 00:00:00+00
33,31,Educación,126,8.38323353293413,1995-12-24 00:00:00+00
330,49,Educación,115,7.64119601328904,2005-07-14 00:00:00+00
331,49,Empleo,197,13.0897009966777,2005-07-14 00:00:00+00
332,49,Pobreza,199,13.2225913621262,2005-07-14 00:00:00+00
333,49,Protección del medio ambiente,13,0.863787375415282,2005-07-14 00:00:00+00
334,49,Narcotráfico,67,4.45182724252492,2005-07-14 00:00:00+00
335,49,Salud,163,10.8305647840532,2005-07-14 00:00:00+00
336,49,Sueldos,133,8.83720930232558,2005-07-14 00:00:00+00
337,49,Vivienda,73,4.85049833887043,2005-07-14 00:00:00+00
338,49,Reformas constitucionales,12,0.79734219269103,2005-07-14 00:00:00+00
339,49,"Alzas de precios, inflación",49,3.25581395348837,2005-07-14 00:00:00+00
34,31,Empleo,141,9.3812375249501,1995-12-24 00:00:00+00
340,49,Infraestructura,16,1.06312292358804,2005-07-14 00:00:00+00
341,49,Sistema judicial,23,1.52823920265781,2005-07-14 00:00:00+00
342,50,No contesta,3,0.199335548172757,2005-09-21 00:00:00+00
343,50,No sabe,2,0.132890365448505,2005-09-21 00:00:00+00
344,50,Corrupción,56,3.72093023255814,2005-09-21 00:00:00+00
345,50,"Delincuencia, asaltos y robos",316,20.9966777408638,2005-09-21 00:00:00+00
346,50,Derechos humanos,19,1.2624584717608,2005-09-21 00:00:00+00
347,50,Educación,123,8.17275747508306,2005-09-21 00:00:00+00
348,50,Empleo,185,12.2923588039867,2005-09-21 00:00:00+00
349,50,Pobreza,215,14.2857142857143,2005-09-21 00:00:00+00
35,31,Pobreza,221,14.7039254823686,1995-12-24 00:00:00+00
350,50,Protección del medio ambiente,16,1.06312292358804,2005-09-21 00:00:00+00
351,50,Narcotráfico,86,5.71428571428571,2005-09-21 00:00:00+00
352,50,Salud,175,11.6279069767442,2005-09-21 00:00:00+00
353,50,Sueldos,125,8.30564784053156,2005-09-21 00:00:00+00
354,50,Vivienda,50,3.32225913621263,2005-09-21 00:00:00+00
355,50,"Alzas de precios, inflación",58,3.85382059800664,2005-09-21 00:00:00+00
356,50,Infraestructura,10,0.664451827242525,2005-09-21 00:00:00+00
357,50,Sistema judicial,47,3.12292358803987,2005-09-21 00:00:00+00
358,50,Sistema electoral binominal,19,1.2624584717608,2005-09-21 00:00:00+00
359,51,No contesta,3,0.199335548172757,2005-11-14 00:00:00+00
36,31,Protección del medio ambiente,23,1.53027278775782,1995-12-24 00:00:00+00
360,51,No sabe,2,0.132890365448505,2005-11-14 00:00:00+00
361,51,Corrupción,48,3.18936877076412,2005-11-14 00:00:00+00
362,51,"Delincuencia, asaltos y robos",355,23.5880398671096,2005-11-14 00:00:00+00
363,51,Derechos humanos,20,1.32890365448505,2005-11-14 00:00:00+00
364,51,Educación,137,9.10299003322259,2005-11-14 00:00:00+00
365,51,Empleo,170,11.2956810631229,2005-11-14 00:00:00+00
366,51,Pobreza,177,11.7607973421927,2005-11-14 00:00:00+00
367,51,Protección del medio ambiente,14,0.930232558139535,2005-11-14 00:00:00+00
368,51,Narcotráfico,126,8.37209302325581,2005-11-14 00:00:00+00
369,51,Salud,158,10.4983388704319,2005-11-14 00:00:00+00
37,31,Narcotráfico,97,6.45375914836993,1995-12-24 00:00:00+00
370,51,Sueldos,133,8.83720930232558,2005-11-14 00:00:00+00
371,51,Vivienda,49,3.25581395348837,2005-11-14 00:00:00+00
372,51,"Alzas de precios, inflación",51,3.38870431893688,2005-11-14 00:00:00+00
373,51,Infraestructura,6,0.398671096345515,2005-11-14 00:00:00+00
374,51,Sistema judicial,48,3.18936877076412,2005-11-14 00:00:00+00
375,51,Sistema electoral binominal,8,0.53156146179402,2005-11-14 00:00:00+00
376,52,No contesta,3,0.199335548172757,2006-08-30 00:00:00+00
377,52,No sabe,1,0.0664451827242525,2006-08-30 00:00:00+00
378,52,Corrupción,41,2.72425249169435,2006-08-30 00:00:00+00
379,52,"Delincuencia, asaltos y robos",407,27.0431893687708,2006-08-30 00:00:00+00
38,31,Salud,236,15.7019294743846,1995-12-24 00:00:00+00
380,52,Derechos humanos,11,0.730897009966777,2006-08-30 00:00:00+00
381,52,Educación,159,10.5647840531561,2006-08-30 00:00:00+00
382,52,Empleo,140,9.30232558139535,2006-08-30 00:00:00+00
383,52,Pobreza,176,11.6943521594684,2006-08-30 00:00:00+00
384,52,Protección del medio ambiente,11,0.730897009966777,2006-08-30 00:00:00+00
385,52,Narcotráfico,86,5.71428571428571,2006-08-30 00:00:00+00
386,52,Salud,175,11.6279069767442,2006-08-30 00:00:00+00
387,52,Sueldos,127,8.43853820598007,2006-08-30 00:00:00+00
388,52,Vivienda,43,2.85714285714286,2006-08-30 00:00:00+00
389,52,"Alzas de precios, inflación",54,3.58803986710963,2006-08-30 00:00:00+00
39,31,Sueldos,116,7.71789753825682,1995-12-24 00:00:00+00
390,52,Infraestructura,7,0.465116279069767,2006-08-30 00:00:00+00
391,52,Sistema judicial,50,3.32225913621263,2006-08-30 00:00:00+00
392,52,Sistema electoral binominal,14,0.930232558139535,2006-08-30 00:00:00+00
393,54,No contesta,1,0.0664451827242525,2006-12-04 00:00:00+00
394,54,No sabe,1,0.0664451827242525,2006-12-04 00:00:00+00
395,54,Corrupción,79,5.24916943521595,2006-12-04 00:00:00+00
396,54,"Delincuencia, asaltos y robos",385,25.5813953488372,2006-12-04 00:00:00+00
397,54,Derechos humanos,13,0.863787375415282,2006-12-04 00:00:00+00
398,54,Educación,151,10.0332225913621,2006-12-04 00:00:00+00
399,54,Empleo,163,10.8305647840532,2006-12-04 00:00:00+00
4,29,Derechos humanos,26,1.73913043478261,1995-01-06 00:00:00+00
40,31,Vivienda,82,5.45575515635396,1995-12-24 00:00:00+00
400,54,Pobreza,149,9.90033222591362,2006-12-04 00:00:00+00
401,54,Protección del medio ambiente,13,0.863787375415282,2006-12-04 00:00:00+00
402,54,Narcotráfico,93,6.17940199335548,2006-12-04 00:00:00+00
403,54,Salud,157,10.4318936877076,2006-12-04 00:00:00+00
404,54,Sueldos,112,7.44186046511628,2006-12-04 00:00:00+00
405,54,Vivienda,74,4.91694352159468,2006-12-04 00:00:00+00
406,54,"Alzas de precios, inflación",33,2.19269102990033,2006-12-04 00:00:00+00
407,54,Infraestructura,16,1.06312292358804,2006-12-04 00:00:00+00
408,54,Sistema judicial,51,3.38870431893688,2006-12-04 00:00:00+00
409,54,Sistema electoral binominal,14,0.930232558139535,2006-12-04 00:00:00+00
41,31,"Alzas de precios, inflación",102,6.78642714570858,1995-12-24 00:00:00+00
410,55,No contesta,2,0.132890365448505,2007-07-11 00:00:00+00
411,55,No sabe,1,0.0664451827242525,2007-07-11 00:00:00+00
412,55,Corrupción,50,3.32225913621263,2007-07-11 00:00:00+00
413,55,"Delincuencia, asaltos y robos",334,22.1926910299003,2007-07-11 00:00:00+00
414,55,Derechos humanos,10,0.664451827242525,2007-07-11 00:00:00+00
415,55,Educación,142,9.43521594684385,2007-07-11 00:00:00+00
416,55,Empleo,160,10.6312292358804,2007-07-11 00:00:00+00
417,55,Pobreza,207,13.7541528239203,2007-07-11 00:00:00+00
418,55,Protección del medio ambiente,27,1.79401993355482,2007-07-11 00:00:00+00
419,55,Narcotráfico,106,7.04318936877076,2007-07-11 00:00:00+00
42,31,Infraestructura,31,2.06254158349967,1995-12-24 00:00:00+00
420,55,Salud,166,11.0299003322259,2007-07-11 00:00:00+00
421,55,Sueldos,115,7.64119601328904,2007-07-11 00:00:00+00
422,55,Vivienda,63,4.18604651162791,2007-07-11 00:00:00+00
423,55,"Alzas de precios, inflación",37,2.45847176079734,2007-07-11 00:00:00+00
424,55,Infraestructura,51,3.38870431893688,2007-07-11 00:00:00+00
425,55,Sistema judicial,26,1.72757475083056,2007-07-11 00:00:00+00
426,55,Sistema electoral binominal,8,0.53156146179402,2007-07-11 00:00:00+00
427,56,No contesta,1,0.0664451827242525,2007-12-26 00:00:00+00
428,56,No sabe,1,0.0664451827242525,2007-12-26 00:00:00+00
429,56,Corrupción,31,2.05980066445183,2007-12-26 00:00:00+00
43,32,No contesta,6,0.398671096345515,1996-06-06 00:00:00+00
430,56,"Delincuencia, asaltos y robos",416,27.641196013289,2007-12-26 00:00:00+00
431,56,Derechos humanos,6,0.398671096345515,2007-12-26 00:00:00+00
432,56,Educación,135,8.97009966777409,2007-12-26 00:00:00+00
433,56,Empleo,112,7.44186046511628,2007-12-26 00:00:00+00
434,56,Pobreza,167,11.0963455149502,2007-12-26 00:00:00+00
435,56,Protección del medio ambiente,14,0.930232558139535,2007-12-26 00:00:00+00
436,56,Narcotráfico,104,6.91029900332226,2007-12-26 00:00:00+00
437,56,Salud,157,10.4318936877076,2007-12-26 00:00:00+00
438,56,Sueldos,136,9.03654485049834,2007-12-26 00:00:00+00
439,56,Vivienda,30,1.99335548172757,2007-12-26 00:00:00+00
44,32,No sabe,7,0.465116279069767,1996-06-06 00:00:00+00
440,56,"Alzas de precios, inflación",91,6.04651162790698,2007-12-26 00:00:00+00
441,56,Infraestructura,52,3.45514950166113,2007-12-26 00:00:00+00
442,56,Sistema judicial,42,2.7906976744186,2007-12-26 00:00:00+00
443,56,Sistema electoral binominal,10,0.664451827242525,2007-12-26 00:00:00+00
444,57,No contesta,3,0.199335548172757,2008-07-10 00:00:00+00
445,57,Corrupción,48,3.18936877076412,2008-07-10 00:00:00+00
446,57,"Delincuencia, asaltos y robos",303,20.1328903654485,2008-07-10 00:00:00+00
447,57,Derechos humanos,11,0.730897009966777,2008-07-10 00:00:00+00
448,57,Educación,160,10.6312292358804,2008-07-10 00:00:00+00
449,57,Empleo,115,7.64119601328904,2008-07-10 00:00:00+00
45,32,Corrupción,46,3.05647840531561,1996-06-06 00:00:00+00
450,57,Pobreza,162,10.7641196013289,2008-07-10 00:00:00+00
451,57,Protección del medio ambiente,28,1.86046511627907,2008-07-10 00:00:00+00
452,57,Narcotráfico,91,6.04651162790698,2008-07-10 00:00:00+00
453,57,Salud,151,10.0332225913621,2008-07-10 00:00:00+00
454,57,Sueldos,134,8.90365448504983,2008-07-10 00:00:00+00
455,57,Vivienda,42,2.7906976744186,2008-07-10 00:00:00+00
456,57,"Alzas de precios, inflación",184,12.2259136212625,2008-07-10 00:00:00+00
457,57,Infraestructura,19,1.2624584717608,2008-07-10 00:00:00+00
458,57,Sistema judicial,46,3.05647840531561,2008-07-10 00:00:00+00
459,57,Sistema electoral binominal,8,0.53156146179402,2008-07-10 00:00:00+00
46,32,"Delincuencia, asaltos y robos",185,12.2923588039867,1996-06-06 00:00:00+00
460,58,Corrupción,77,5.11627906976744,2008-12-30 00:00:00+00
461,58,"Delincuencia, asaltos y robos",280,18.6046511627907,2008-12-30 00:00:00+00
462,58,Derechos humanos,4,0.26578073089701,2008-12-30 00:00:00+00
463,58,Educación,146,9.70099667774086,2008-12-30 00:00:00+00
464,58,Empleo,134,8.90365448504983,2008-12-30 00:00:00+00
465,58,Pobreza,129,8.57142857142857,2008-12-30 00:00:00+00
466,58,Protección del medio ambiente,17,1.12956810631229,2008-12-30 00:00:00+00
467,58,Narcotráfico,95,6.31229235880399,2008-12-30 00:00:00+00
468,58,Salud,155,10.2990033222591,2008-12-30 00:00:00+00
469,58,Sueldos,153,10.1661129568106,2008-12-30 00:00:00+00
47,32,Derechos humanos,18,1.19601328903654,1996-06-06 00:00:00+00
470,58,Vivienda,45,2.99003322259136,2008-12-30 00:00:00+00
471,58,"Alzas de precios, inflación",201,13.3554817275747,2008-12-30 00:00:00+00
472,58,Infraestructura,24,1.59468438538206,2008-12-30 00:00:00+00
473,58,Sistema judicial,41,2.72425249169435,2008-12-30 00:00:00+00
474,58,Sistema electoral binominal,4,0.26578073089701,2008-12-30 00:00:00+00
475,59,No contesta,1,0.0664451827242525,2009-06-18 00:00:00+00
476,59,No sabe,1,0.0664451827242525,2009-06-18 00:00:00+00
477,59,Corrupción,52,3.45514950166113,2009-06-18 00:00:00+00
478,59,"Delincuencia, asaltos y robos",291,19.3355481727575,2009-06-18 00:00:00+00
479,59,Derechos humanos,8,0.53156146179402,2009-06-18 00:00:00+00
48,32,Educación,85,5.64784053156146,1996-06-06 00:00:00+00
480,59,Educación,174,11.5614617940199,2009-06-18 00:00:00+00
481,59,Empleo,180,11.9601328903654,2009-06-18 00:00:00+00
482,59,Pobreza,145,9.63455149501661,2009-06-18 00:00:00+00
483,59,Protección del medio ambiente,28,1.86046511627907,2009-06-18 00:00:00+00
484,59,Narcotráfico,102,6.77740863787375,2009-06-18 00:00:00+00
485,59,Salud,187,12.4252491694352,2009-06-18 00:00:00+00
486,59,Sueldos,137,9.10299003322259,2009-06-18 00:00:00+00
487,59,Vivienda,59,3.9202657807309,2009-06-18 00:00:00+00
488,59,"Alzas de precios, inflación",63,4.18604651162791,2009-06-18 00:00:00+00
489,59,Infraestructura,19,1.2624584717608,2009-06-18 00:00:00+00
49,32,Empleo,137,9.10299003322259,1996-06-06 00:00:00+00
490,59,Sistema judicial,41,2.72425249169435,2009-06-18 00:00:00+00
491,59,Sistema electoral binominal,17,1.12956810631229,2009-06-18 00:00:00+00
492,60,No contesta,2,0.132890365448505,2009-09-03 00:00:00+00
493,60,Corrupción,96,6.37873754152824,2009-09-03 00:00:00+00
494,60,"Delincuencia, asaltos y robos",395,26.2458471760797,2009-09-03 00:00:00+00
495,60,Derechos humanos,10,0.664451827242525,2009-09-03 00:00:00+00
496,60,Educación,142,9.43521594684385,2009-09-03 00:00:00+00
497,60,Empleo,165,10.9634551495017,2009-09-03 00:00:00+00
498,60,Pobreza,125,8.30564784053156,2009-09-03 00:00:00+00
499,60,Protección del medio ambiente,15,0.996677740863787,2009-09-03 00:00:00+00
5,29,Educación,116,7.75919732441472,1995-01-06 00:00:00+00
50,32,Pobreza,255,16.9435215946844,1996-06-06 00:00:00+00
500,60,Narcotráfico,112,7.44186046511628,2009-09-03 00:00:00+00
501,60,Salud,178,11.8272425249169,2009-09-03 00:00:00+00
502,60,Sueldos,104,6.91029900332226,2009-09-03 00:00:00+00
503,60,Vivienda,48,3.18936877076412,2009-09-03 00:00:00+00
504,60,"Alzas de precios, inflación",48,3.18936877076412,2009-09-03 00:00:00+00
505,60,Infraestructura,9,0.598006644518272,2009-09-03 00:00:00+00
506,60,Sistema judicial,48,3.18936877076412,2009-09-03 00:00:00+00
507,60,Sistema electoral binominal,8,0.53156146179402,2009-09-03 00:00:00+00
508,61,Corrupción,73,4.85049833887043,2009-11-11 00:00:00+00
509,61,"Delincuencia, asaltos y robos",417,27.7076411960133,2009-11-11 00:00:00+00
51,32,Protección del medio ambiente,23,1.52823920265781,1996-06-06 00:00:00+00
510,61,Derechos humanos,15,0.996677740863787,2009-11-11 00:00:00+00
511,61,Educación,181,12.0265780730897,2009-11-11 00:00:00+00
512,61,Empleo,165,10.9634551495017,2009-11-11 00:00:00+00
513,61,Pobreza,107,7.10963455149502,2009-11-11 00:00:00+00
514,61,Protección del medio ambiente,19,1.2624584717608,2009-11-11 00:00:00+00
515,61,Narcotráfico,106,7.04318936877076,2009-11-11 00:00:00+00
516,61,Salud,165,10.9634551495017,2009-11-11 00:00:00+00
517,61,Sueldos,107,7.10963455149502,2009-11-11 00:00:00+00
518,61,Vivienda,40,2.6578073089701,2009-11-11 00:00:00+00
519,61,"Alzas de precios, inflación",39,2.59136212624585,2009-11-11 00:00:00+00
52,32,Narcotráfico,74,4.91694352159468,1996-06-06 00:00:00+00
520,61,Infraestructura,10,0.664451827242525,2009-11-11 00:00:00+00
521,61,Sistema judicial,57,3.78737541528239,2009-11-11 00:00:00+00
522,61,Sistema electoral binominal,4,0.26578073089701,2009-11-11 00:00:00+00
523,62,No contesta,3,0.20066889632107,2010-07-29 00:00:00+00
524,62,No sabe,2,0.133779264214047,2010-07-29 00:00:00+00
525,62,Corrupción,64,4.2809364548495,2010-07-29 00:00:00+00
526,62,"Delincuencia, asaltos y robos",422,28.2274247491639,2010-07-29 00:00:00+00
527,62,Derechos humanos,11,0.735785953177257,2010-07-29 00:00:00+00
528,62,Educación,155,10.3678929765886,2010-07-29 00:00:00+00
529,62,Empleo,141,9.4314381270903,2010-07-29 00:00:00+00
53,32,Salud,206,13.687707641196,1996-06-06 00:00:00+00
530,62,Pobreza,117,7.82608695652174,2010-07-29 00:00:00+00
531,62,Protección del medio ambiente,19,1.27090301003344,2010-07-29 00:00:00+00
532,62,Narcotráfico,84,5.61872909698997,2010-07-29 00:00:00+00
533,62,Salud,147,9.83277591973244,2010-07-29 00:00:00+00
534,62,Sueldos,121,8.09364548494983,2010-07-29 00:00:00+00
535,62,Vivienda,83,5.55183946488294,2010-07-29 00:00:00+00
536,62,"Alzas de precios, inflación",76,5.08361204013378,2010-07-29 00:00:00+00
537,62,Infraestructura,14,0.936454849498328,2010-07-29 00:00:00+00
538,62,Sistema judicial,33,2.20735785953177,2010-07-29 00:00:00+00
539,62,Sistema electoral binominal,3,0.20066889632107,2010-07-29 00:00:00+00
54,32,Sueldos,109,7.24252491694352,1996-06-06 00:00:00+00
540,63,No sabe,3,0.20891364902507,2010-12-29 00:00:00+00
541,63,Corrupción,69,4.8050139275766,2010-12-29 00:00:00+00
542,63,"Delincuencia, asaltos y robos",397,27.6462395543175,2010-12-29 00:00:00+00
543,63,Derechos humanos,6,0.417827298050139,2010-12-29 00:00:00+00
544,63,Educación,138,9.6100278551532,2010-12-29 00:00:00+00
545,63,Empleo,122,8.4958217270195,2010-12-29 00:00:00+00
546,63,Pobreza,138,9.6100278551532,2010-12-29 00:00:00+00
547,63,Protección del medio ambiente,20,1.39275766016713,2010-12-29 00:00:00+00
548,63,Narcotráfico,87,6.05849582172702,2010-12-29 00:00:00+00
549,63,Salud,170,11.8384401114206,2010-12-29 00:00:00+00
55,32,Vivienda,90,5.98006644518272,1996-06-06 00:00:00+00
550,63,Sueldos,101,7.03342618384401,2010-12-29 00:00:00+00
551,63,Vivienda,65,4.52646239554318,2010-12-29 00:00:00+00
552,63,"Alzas de precios, inflación",76,5.2924791086351,2010-12-29 00:00:00+00
553,63,Infraestructura,10,0.696378830083565,2010-12-29 00:00:00+00
554,63,Sistema judicial,28,1.94986072423398,2010-12-29 00:00:00+00
555,63,Sistema electoral binominal,6,0.417827298050139,2010-12-29 00:00:00+00
556,64,No contesta,1,0.0643500643500644,2011-08-04 00:00:00+00
557,64,Corrupción,49,3.15315315315315,2011-08-04 00:00:00+00
558,64,"Delincuencia, asaltos y robos",334,21.4929214929215,2011-08-04 00:00:00+00
559,64,Derechos humanos,15,0.965250965250965,2011-08-04 00:00:00+00
56,32,Reformas constitucionales,30,1.99335548172757,1996-06-06 00:00:00+00
560,64,Educación,242,15.5727155727156,2011-08-04 00:00:00+00
561,64,Empleo,98,6.30630630630631,2011-08-04 00:00:00+00
562,64,Pobreza,154,9.90990990990991,2011-08-04 00:00:00+00
563,64,Protección del medio ambiente,23,1.48005148005148,2011-08-04 00:00:00+00
564,64,Narcotráfico,99,6.37065637065637,2011-08-04 00:00:00+00
565,64,Salud,165,10.6177606177606,2011-08-04 00:00:00+00
566,64,Sueldos,139,8.94465894465895,2011-08-04 00:00:00+00
567,64,Vivienda,77,4.95495495495495,2011-08-04 00:00:00+00
568,64,"Alzas de precios, inflación",98,6.30630630630631,2011-08-04 00:00:00+00
569,64,Infraestructura,10,0.643500643500644,2011-08-04 00:00:00+00
57,32,"Alzas de precios, inflación",90,5.98006644518272,1996-06-06 00:00:00+00
570,64,Sistema judicial,40,2.57400257400257,2011-08-04 00:00:00+00
571,64,Sistema electoral binominal,10,0.643500643500644,2011-08-04 00:00:00+00
572,65,Corrupción,68,4.36177036561899,2011-12-29 00:00:00+00
573,65,"Delincuencia, asaltos y robos",387,24.8236048749198,2011-12-29 00:00:00+00
574,65,Derechos humanos,12,0.769724182168056,2011-12-29 00:00:00+00
575,65,Educación,273,17.5112251443233,2011-12-29 00:00:00+00
576,65,Empleo,101,6.47851186658114,2011-12-29 00:00:00+00
577,65,Pobreza,106,6.79923027581783,2011-12-29 00:00:00+00
578,65,Protección del medio ambiente,11,0.705580500320718,2011-12-29 00:00:00+00
579,65,Narcotráfico,111,7.11994868505452,2011-12-29 00:00:00+00
58,32,Infraestructura,27,1.79401993355482,1996-06-06 00:00:00+00
580,65,Salud,179,11.4817190506735,2011-12-29 00:00:00+00
581,65,Sueldos,103,6.60679923027582,2011-12-29 00:00:00+00
582,65,Vivienda,51,3.27132777421424,2011-12-29 00:00:00+00
583,65,"Alzas de precios, inflación",110,7.05580500320718,2011-12-29 00:00:00+00
584,65,Infraestructura,9,0.577293136626042,2011-12-29 00:00:00+00
585,65,Sistema judicial,24,1.53944836433611,2011-12-29 00:00:00+00
586,65,Sistema electoral binominal,14,0.898011545862733,2011-12-29 00:00:00+00
587,66,No sabe,1,0.0639386189258312,2012-05-10 00:00:00+00
588,66,Corrupción,48,3.0690537084399,2012-05-10 00:00:00+00
589,66,"Delincuencia, asaltos y robos",365,23.3375959079284,2012-05-10 00:00:00+00
59,32,Sistema judicial,117,7.77408637873754,1996-06-06 00:00:00+00
590,66,Derechos humanos,6,0.383631713554987,2012-05-10 00:00:00+00
591,66,Educación,223,14.2583120204604,2012-05-10 00:00:00+00
592,66,Empleo,87,5.56265984654731,2012-05-10 00:00:00+00
593,66,Pobreza,142,9.07928388746803,2012-05-10 00:00:00+00
594,66,Protección del medio ambiente,22,1.40664961636829,2012-05-10 00:00:00+00
595,66,Narcotráfico,111,7.09718670076726,2012-05-10 00:00:00+00
596,66,Salud,196,12.5319693094629,2012-05-10 00:00:00+00
597,66,Sueldos,109,6.9693094629156,2012-05-10 00:00:00+00
598,66,Vivienda,81,5.17902813299233,2012-05-10 00:00:00+00
599,66,"Alzas de precios, inflación",106,6.77749360613811,2012-05-10 00:00:00+00
6,29,Empleo,163,10.9030100334448,1995-01-06 00:00:00+00
60,33,No contesta,10,0.664893617021277,1997-01-06 00:00:00+00
600,66,Infraestructura,17,1.08695652173913,2012-05-10 00:00:00+00
601,66,Sistema judicial,41,2.62148337595908,2012-05-10 00:00:00+00
602,66,Sistema electoral binominal,9,0.575447570332481,2012-05-10 00:00:00+00
603,67,No contesta,4,0.264550264550265,2012-08-21 00:00:00+00
604,67,Corrupción,48,3.17460317460317,2012-08-21 00:00:00+00
605,67,"Delincuencia, asaltos y robos",369,24.4047619047619,2012-08-21 00:00:00+00
606,67,Derechos humanos,6,0.396825396825397,2012-08-21 00:00:00+00
607,67,Educación,230,15.2116402116402,2012-08-21 00:00:00+00
608,67,Empleo,74,4.89417989417989,2012-08-21 00:00:00+00
609,67,Pobreza,159,10.515873015873,2012-08-21 00:00:00+00
61,33,No sabe,7,0.465425531914894,1997-01-06 00:00:00+00
610,67,Protección del medio ambiente,17,1.12433862433862,2012-08-21 00:00:00+00
611,67,Narcotráfico,81,5.35714285714286,2012-08-21 00:00:00+00
612,67,Salud,170,11.2433862433862,2012-08-21 00:00:00+00
613,67,Sueldos,135,8.92857142857143,2012-08-21 00:00:00+00
614,67,Vivienda,70,4.62962962962963,2012-08-21 00:00:00+00
615,67,"Alzas de precios, inflación",75,4.96031746031746,2012-08-21 00:00:00+00
616,67,Infraestructura,18,1.19047619047619,2012-08-21 00:00:00+00
617,67,Sistema judicial,40,2.64550264550265,2012-08-21 00:00:00+00
618,67,Sistema electoral binominal,16,1.05820105820106,2012-08-21 00:00:00+00
619,68,Corrupción,52,3.50404312668464,2013-01-03 00:00:00+00
62,33,Corrupción,93,6.18351063829787,1997-01-06 00:00:00+00
620,68,"Delincuencia, asaltos y robos",302,20.3504043126685,2013-01-03 00:00:00+00
621,68,Derechos humanos,11,0.741239892183288,2013-01-03 00:00:00+00
622,68,Educación,210,14.1509433962264,2013-01-03 00:00:00+00
623,68,Empleo,84,5.66037735849057,2013-01-03 00:00:00+00
624,68,Pobreza,147,9.90566037735849,2013-01-03 00:00:00+00
625,68,Protección del medio ambiente,16,1.07816711590297,2013-01-03 00:00:00+00
626,68,Narcotráfico,104,7.00808625336927,2013-01-03 00:00:00+00
627,68,Salud,209,14.0835579514825,2013-01-03 00:00:00+00
628,68,Sueldos,120,8.08625336927224,2013-01-03 00:00:00+00
629,68,Vivienda,69,4.64959568733154,2013-01-03 00:00:00+00
63,33,"Delincuencia, asaltos y robos",290,19.281914893617,1997-01-06 00:00:00+00
630,68,"Alzas de precios, inflación",88,5.92991913746631,2013-01-03 00:00:00+00
631,68,Infraestructura,13,0.876010781671159,2013-01-03 00:00:00+00
632,68,Sistema judicial,48,3.23450134770889,2013-01-03 00:00:00+00
633,68,Sistema electoral binominal,11,0.741239892183288,2013-01-03 00:00:00+00
634,69,No contesta,2,0.135961930659415,2013-08-29 00:00:00+00
635,69,No sabe,4,0.271923861318831,2013-08-29 00:00:00+00
636,69,Corrupción,44,2.99116247450714,2013-08-29 00:00:00+00
637,69,"Delincuencia, asaltos y robos",345,23.4534330387492,2013-08-29 00:00:00+00
638,69,Derechos humanos,10,0.679809653297077,2013-08-29 00:00:00+00
639,69,Educación,186,12.6444595513256,2013-08-29 00:00:00+00
64,33,Derechos humanos,19,1.26329787234043,1997-01-06 00:00:00+00
640,69,Empleo,53,3.60299116247451,2013-08-29 00:00:00+00
641,69,Pobreza,134,9.10944935418083,2013-08-29 00:00:00+00
642,69,Protección del medio ambiente,23,1.56356220258328,2013-08-29 00:00:00+00
643,69,Narcotráfico,100,6.79809653297077,2013-08-29 00:00:00+00
644,69,Salud,243,16.519374575119,2013-08-29 00:00:00+00
645,69,Sueldos,138,9.38137321549966,2013-08-29 00:00:00+00
646,69,Vivienda,49,3.33106730115568,2013-08-29 00:00:00+00
647,69,"Alzas de precios, inflación",55,3.73895309313392,2013-08-29 00:00:00+00
648,69,Infraestructura,9,0.611828687967369,2013-08-29 00:00:00+00
649,69,Sistema judicial,51,3.46702923181509,2013-08-29 00:00:00+00
65,33,Educación,147,9.77393617021277,1997-01-06 00:00:00+00
650,69,Sistema electoral binominal,25,1.69952413324269,2013-08-29 00:00:00+00
651,70,No contesta,2,0.139178844815588,2013-10-29 00:00:00+00
652,70,No sabe,1,0.069589422407794,2013-10-29 00:00:00+00
653,70,Corrupción,66,4.5929018789144,2013-10-29 00:00:00+00
654,70,"Delincuencia, asaltos y robos",342,23.7995824634656,2013-10-29 00:00:00+00
655,70,Derechos humanos,19,1.32219902574809,2013-10-29 00:00:00+00
656,70,Educación,203,14.1266527487822,2013-10-29 00:00:00+00
657,70,Empleo,57,3.96659707724426,2013-10-29 00:00:00+00
658,70,Pobreza,113,7.86360473208072,2013-10-29 00:00:00+00
659,70,Protección del medio ambiente,15,1.04384133611691,2013-10-29 00:00:00+00
66,33,Empleo,140,9.30851063829787,1997-01-06 00:00:00+00
660,70,Narcotráfico,69,4.80167014613779,2013-10-29 00:00:00+00
661,70,Salud,274,19.0675017397356,2013-10-29 00:00:00+00
662,70,Sueldos,101,7.0285316631872,2013-10-29 00:00:00+00
663,70,Vivienda,33,2.2964509394572,2013-10-29 00:00:00+00
664,70,"Alzas de precios, inflación",72,5.01043841336117,2013-10-29 00:00:00+00
665,70,Infraestructura,10,0.69589422407794,2013-10-29 00:00:00+00
666,70,Sistema judicial,44,3.06193458594294,2013-10-29 00:00:00+00
667,70,Sistema electoral binominal,10,0.69589422407794,2013-10-29 00:00:00+00
668,70,Energía,6,0.417536534446764,2013-10-29 00:00:00+00
669,71,No contesta,1,0.0693481276005548,2014-08-14 00:00:00+00
67,33,Pobreza,203,13.4973404255319,1997-01-06 00:00:00+00
670,71,No sabe,2,0.13869625520111,2014-08-14 00:00:00+00
671,71,Corrupción,46,3.19001386962552,2014-08-14 00:00:00+00
672,71,"Delincuencia, asaltos y robos",308,21.3592233009709,2014-08-14 00:00:00+00
673,71,Derechos humanos,16,1.10957004160888,2014-08-14 00:00:00+00
674,71,Educación,206,14.2857142857143,2014-08-14 00:00:00+00
675,71,Empleo,80,5.54785020804438,2014-08-14 00:00:00+00
676,71,Pobreza,104,7.2122052704577,2014-08-14 00:00:00+00
677,71,Protección del medio ambiente,15,1.04022191400832,2014-08-14 00:00:00+00
678,71,Narcotráfico,70,4.85436893203883,2014-08-14 00:00:00+00
679,71,Salud,265,18.377253814147,2014-08-14 00:00:00+00
68,33,Protección del medio ambiente,11,0.731382978723404,1997-01-06 00:00:00+00
680,71,Sueldos,106,7.35090152565881,2014-08-14 00:00:00+00
681,71,Vivienda,47,3.25936199722607,2014-08-14 00:00:00+00
682,71,Desigualdad,62,4.2995839112344,2014-08-14 00:00:00+00
683,71,"Alzas de precios, inflación",68,4.71567267683773,2014-08-14 00:00:00+00
684,71,Infraestructura,5,0.346740638002774,2014-08-14 00:00:00+00
685,71,Sistema judicial,26,1.80305131761442,2014-08-14 00:00:00+00
686,71,Sistema electoral binominal,5,0.346740638002774,2014-08-14 00:00:00+00
687,71,Energía,10,0.693481276005548,2014-08-14 00:00:00+00
688,72,No contesta,2,0.139664804469274,2014-12-03 00:00:00+00
689,72,No sabe,1,0.0698324022346369,2014-12-03 00:00:00+00
69,33,Narcotráfico,86,5.71808510638298,1997-01-06 00:00:00+00
690,72,Corrupción,51,3.56145251396648,2014-12-03 00:00:00+00
691,72,"Delincuencia, asaltos y robos",351,24.5111731843575,2014-12-03 00:00:00+00
692,72,Derechos humanos,14,0.977653631284916,2014-12-03 00:00:00+00
693,72,Educación,243,16.9692737430168,2014-12-03 00:00:00+00
694,72,Empleo,93,6.49441340782123,2014-12-03 00:00:00+00
695,72,Pobreza,89,6.21508379888268,2014-12-03 00:00:00+00
696,72,Protección del medio ambiente,11,0.768156424581006,2014-12-03 00:00:00+00
697,72,Narcotráfico,74,5.16759776536313,2014-12-03 00:00:00+00
698,72,Salud,197,13.7569832402235,2014-12-03 00:00:00+00
699,72,Sueldos,89,6.21508379888268,2014-12-03 00:00:00+00
7,29,Pobreza,281,18.7959866220736,1995-01-06 00:00:00+00
70,33,Salud,139,9.24202127659574,1997-01-06 00:00:00+00
700,72,Vivienda,30,2.09497206703911,2014-12-03 00:00:00+00
701,72,Reformas constitucionales,9,0.628491620111732,2014-12-03 00:00:00+00
702,72,Desigualdad,51,3.56145251396648,2014-12-03 00:00:00+00
703,72,"Alzas de precios, inflación",79,5.51675977653631,2014-12-03 00:00:00+00
704,72,Infraestructura,10,0.698324022346369,2014-12-03 00:00:00+00
705,72,Sistema judicial,28,1.95530726256983,2014-12-03 00:00:00+00
706,72,Violencia con fines políticos,10,0.698324022346369,2014-12-03 00:00:00+00
707,73,No contesta,3,0.209205020920502,2015-05-07 00:00:00+00
708,73,Corrupción,135,9.41422594142259,2015-05-07 00:00:00+00
709,73,"Delincuencia, asaltos y robos",322,22.4546722454672,2015-05-07 00:00:00+00
71,33,Sueldos,83,5.5186170212766,1997-01-06 00:00:00+00
710,73,Derechos humanos,4,0.278940027894003,2015-05-07 00:00:00+00
711,73,Educación,193,13.4588563458856,2015-05-07 00:00:00+00
712,73,Empleo,95,6.62482566248257,2015-05-07 00:00:00+00
713,73,Pobreza,87,6.06694560669456,2015-05-07 00:00:00+00
714,73,Protección del medio ambiente,20,1.39470013947001,2015-05-07 00:00:00+00
715,73,Narcotráfico,59,4.11436541143654,2015-05-07 00:00:00+00
716,73,Salud,208,14.5048814504881,2015-05-07 00:00:00+00
717,73,Sueldos,96,6.69456066945607,2015-05-07 00:00:00+00
718,73,Vivienda,31,2.16178521617852,2015-05-07 00:00:00+00
719,73,Reformas constitucionales,16,1.11576011157601,2015-05-07 00:00:00+00
72,33,Vivienda,55,3.65691489361702,1997-01-06 00:00:00+00
720,73,Desigualdad,54,3.76569037656904,2015-05-07 00:00:00+00
721,73,"Alzas de precios, inflación",65,4.53277545327755,2015-05-07 00:00:00+00
722,73,Infraestructura,10,0.697350069735007,2015-05-07 00:00:00+00
723,73,Sistema judicial,36,2.51046025104602,2015-05-07 00:00:00+00
724,74,No contesta,3,0.211267605633803,2015-09-09 00:00:00+00
725,74,Corrupción,144,10.1408450704225,2015-09-09 00:00:00+00
726,74,"Delincuencia, asaltos y robos",490,34.5070422535211,2015-09-09 00:00:00+00
727,74,Derechos humanos,13,0.915492957746479,2015-09-09 00:00:00+00
728,74,Educación,154,10.8450704225352,2015-09-09 00:00:00+00
729,74,Empleo,64,4.50704225352113,2015-09-09 00:00:00+00
73,33,Reformas constitucionales,24,1.59574468085106,1997-01-06 00:00:00+00
730,74,Pobreza,91,6.40845070422535,2015-09-09 00:00:00+00
731,74,Protección del medio ambiente,16,1.12676056338028,2015-09-09 00:00:00+00
732,74,Narcotráfico,41,2.88732394366197,2015-09-09 00:00:00+00
733,74,Salud,152,10.7042253521127,2015-09-09 00:00:00+00
734,74,Sueldos,80,5.63380281690141,2015-09-09 00:00:00+00
735,74,Vivienda,31,2.1830985915493,2015-09-09 00:00:00+00
736,74,Reformas constitucionales,8,0.563380281690141,2015-09-09 00:00:00+00
737,74,Desigualdad,38,2.67605633802817,2015-09-09 00:00:00+00
738,74,"Alzas de precios, inflación",62,4.36619718309859,2015-09-09 00:00:00+00
739,74,Infraestructura,5,0.352112676056338,2015-09-09 00:00:00+00
74,33,"Alzas de precios, inflación",156,10.3723404255319,1997-01-06 00:00:00+00
740,74,Sistema judicial,28,1.97183098591549,2015-09-09 00:00:00+00
741,75,No sabe,2,0.138026224982747,2015-12-16 00:00:00+00
742,75,Corrupción,114,7.86749482401656,2015-12-16 00:00:00+00
743,75,"Delincuencia, asaltos y robos",436,30.0897170462388,2015-12-16 00:00:00+00
744,75,Derechos humanos,14,0.966183574879227,2015-12-16 00:00:00+00
745,75,Educación,126,8.69565217391304,2015-12-16 00:00:00+00
746,75,Empleo,92,6.34920634920635,2015-12-16 00:00:00+00
747,75,Pobreza,116,8.00552104899931,2015-12-16 00:00:00+00
748,75,Protección del medio ambiente,12,0.82815734989648,2015-12-16 00:00:00+00
749,75,Narcotráfico,49,3.38164251207729,2015-12-16 00:00:00+00
75,33,Infraestructura,9,0.598404255319149,1997-01-06 00:00:00+00
750,75,Salud,198,13.6645962732919,2015-12-16 00:00:00+00
751,75,Sueldos,91,6.28019323671498,2015-12-16 00:00:00+00
752,75,Vivienda,29,2.00138026224983,2015-12-16 00:00:00+00
753,75,Reformas constitucionales,23,1.58730158730159,2015-12-16 00:00:00+00
754,75,Desigualdad,63,4.34782608695652,2015-12-16 00:00:00+00
755,75,"Alzas de precios, inflación",43,2.96756383712905,2015-12-16 00:00:00+00
756,75,Infraestructura,8,0.552104899930987,2015-12-16 00:00:00+00
757,75,Sistema judicial,33,2.27743271221532,2015-12-16 00:00:00+00
758,77,No contesta,3,0.211864406779661,2016-08-19 00:00:00+00
759,77,No sabe,1,0.0706214689265537,2016-08-19 00:00:00+00
76,33,Sistema judicial,32,2.12765957446809,1997-01-06 00:00:00+00
760,77,Corrupción,264,18.6440677966102,2016-08-19 00:00:00+00
761,77,"Delincuencia, asaltos y robos",359,25.3531073446328,2016-08-19 00:00:00+00
762,77,Derechos humanos,17,1.20056497175141,2016-08-19 00:00:00+00
763,77,Educación,117,8.26271186440678,2016-08-19 00:00:00+00
764,77,Empleo,62,4.37853107344633,2016-08-19 00:00:00+00
765,77,Pobreza,58,4.09604519774011,2016-08-19 00:00:00+00
766,77,Protección del medio ambiente,6,0.423728813559322,2016-08-19 00:00:00+00
767,77,Narcotráfico,62,4.37853107344633,2016-08-19 00:00:00+00
768,77,Salud,176,12.4293785310734,2016-08-19 00:00:00+00
769,77,Sueldos,125,8.82768361581921,2016-08-19 00:00:00+00
77,34,No contesta,10,0.664893617021277,1998-04-01 00:00:00+00
770,77,Transporte público,10,0.706214689265537,2016-08-19 00:00:00+00
771,77,Vivienda,21,1.48305084745763,2016-08-19 00:00:00+00
772,77,Reformas constitucionales,10,0.706214689265537,2016-08-19 00:00:00+00
773,77,Desigualdad,36,2.54237288135593,2016-08-19 00:00:00+00
774,77,"Alzas de precios, inflación",75,5.29661016949153,2016-08-19 00:00:00+00
775,77,Sistema judicial,14,0.988700564971752,2016-08-19 00:00:00+00
776,78,No sabe,1,0.0683060109289618,2017-01-05 00:00:00+00
777,78,Corrupción,180,12.2950819672131,2017-01-05 00:00:00+00
778,78,"Delincuencia, asaltos y robos",375,25.6147540983607,2017-01-05 00:00:00+00
779,78,Derechos humanos,7,0.478142076502732,2017-01-05 00:00:00+00
78,34,No sabe,11,0.731382978723404,1998-04-01 00:00:00+00
780,78,Educación,148,10.1092896174863,2017-01-05 00:00:00+00
781,78,Empleo,94,6.4207650273224,2017-01-05 00:00:00+00
782,78,Pobreza,76,5.19125683060109,2017-01-05 00:00:00+00
783,78,Protección del medio ambiente,5,0.341530054644809,2017-01-05 00:00:00+00
784,78,Narcotráfico,86,5.87431693989071,2017-01-05 00:00:00+00
785,78,Salud,217,14.8224043715847,2017-01-05 00:00:00+00
786,78,Sueldos,109,7.44535519125683,2017-01-05 00:00:00+00
787,78,Transporte público,12,0.819672131147541,2017-01-05 00:00:00+00
788,78,Vivienda,22,1.50273224043716,2017-01-05 00:00:00+00
789,78,Reformas constitucionales,9,0.614754098360656,2017-01-05 00:00:00+00
79,34,Corrupción,124,8.24468085106383,1998-04-01 00:00:00+00
790,78,Desigualdad,43,2.93715846994536,2017-01-05 00:00:00+00
791,78,"Alzas de precios, inflación",52,3.55191256830601,2017-01-05 00:00:00+00
792,78,Sistema judicial,28,1.91256830601093,2017-01-05 00:00:00+00
793,79,No contesta,3,0.202565833896016,2017-06-01 00:00:00+00
794,79,Corrupción,243,16.4078325455773,2017-06-01 00:00:00+00
795,79,"Delincuencia, asaltos y robos",390,26.3335584064821,2017-06-01 00:00:00+00
796,79,Derechos humanos,17,1.14787305874409,2017-06-01 00:00:00+00
797,79,Educación,133,8.98041863605672,2017-06-01 00:00:00+00
798,79,Empleo,77,5.19918973666442,2017-06-01 00:00:00+00
799,79,Pobreza,83,5.60432140445645,2017-06-01 00:00:00+00
8,29,Protección del medio ambiente,25,1.67224080267559,1995-01-06 00:00:00+00
80,34,"Delincuencia, asaltos y robos",213,14.1622340425532,1998-04-01 00:00:00+00
800,79,Protección del medio ambiente,8,0.540175557056043,2017-06-01 00:00:00+00
801,79,Narcotráfico,53,3.57866306549629,2017-06-01 00:00:00+00
802,79,Salud,169,11.4112086428089,2017-06-01 00:00:00+00
803,79,Sueldos,96,6.48210668467252,2017-06-01 00:00:00+00
804,79,Transporte público,8,0.540175557056043,2017-06-01 00:00:00+00
805,79,Vivienda,42,2.83592167454423,2017-06-01 00:00:00+00
806,79,Reformas constitucionales,16,1.08035111411209,2017-06-01 00:00:00+00
807,79,Desigualdad,53,3.57866306549629,2017-06-01 00:00:00+00
808,79,"Alzas de precios, inflación",64,4.32140445644835,2017-06-01 00:00:00+00
809,79,Sistema judicial,26,1.75557056043214,2017-06-01 00:00:00+00
81,34,Derechos humanos,20,1.32978723404255,1998-04-01 00:00:00+00
810,80,No contesta,1,0.0704721634954193,2017-08-31 00:00:00+00
811,80,Corrupción,126,8.87949260042283,2017-08-31 00:00:00+00
812,80,"Delincuencia, asaltos y robos",320,22.5510923185342,2017-08-31 00:00:00+00
813,80,Derechos humanos,12,0.845665961945032,2017-08-31 00:00:00+00
814,80,Educación,176,12.4031007751938,2017-08-31 00:00:00+00
815,80,Empleo,97,6.83579985905567,2017-08-31 00:00:00+00
816,80,Pobreza,99,6.97674418604651,2017-08-31 00:00:00+00
817,80,Protección del medio ambiente,11,0.775193798449612,2017-08-31 00:00:00+00
818,80,Narcotráfico,55,3.87596899224806,2017-08-31 00:00:00+00
819,80,Salud,203,14.3058491895701,2017-08-31 00:00:00+00
82,34,Educación,103,6.84840425531915,1998-04-01 00:00:00+00
820,80,Sueldos,126,8.87949260042283,2017-08-31 00:00:00+00
821,80,Transporte público,7,0.493305144467935,2017-08-31 00:00:00+00
822,80,Vivienda,27,1.90274841437632,2017-08-31 00:00:00+00
823,80,Reformas constitucionales,21,1.47991543340381,2017-08-31 00:00:00+00
824,80,Desigualdad,55,3.87596899224806,2017-08-31 00:00:00+00
825,80,"Alzas de precios, inflación",53,3.73502466525722,2017-08-31 00:00:00+00
826,80,Sistema judicial,30,2.11416490486258,2017-08-31 00:00:00+00
827,81,No contesta,3,0.210674157303371,2017-10-25 00:00:00+00
828,81,No sabe,1,0.0702247191011236,2017-10-25 00:00:00+00
829,81,Pensiones,309,21.6994382022472,2017-10-25 00:00:00+00
83,34,Empleo,145,9.64095744680851,1998-04-01 00:00:00+00
830,81,Corrupción,121,8.49719101123596,2017-10-25 00:00:00+00
831,81,"Delincuencia, asaltos y robos",309,21.6994382022472,2017-10-25 00:00:00+00
832,81,Derechos humanos,8,0.561797752808989,2017-10-25 00:00:00+00
833,81,Educación,115,8.07584269662921,2017-10-25 00:00:00+00
834,81,Empleo,70,4.91573033707865,2017-10-25 00:00:00+00
835,81,Pobreza,62,4.35393258426966,2017-10-25 00:00:00+00
836,81,Protección del medio ambiente,14,0.98314606741573,2017-10-25 00:00:00+00
837,81,Narcotráfico,33,2.31741573033708,2017-10-25 00:00:00+00
838,81,Salud,160,11.2359550561798,2017-10-25 00:00:00+00
839,81,Sueldos,90,6.32022471910112,2017-10-25 00:00:00+00
84,34,Pobreza,224,14.8936170212766,1998-04-01 00:00:00+00
840,81,Transporte público,10,0.702247191011236,2017-10-25 00:00:00+00
841,81,Vivienda,28,1.96629213483146,2017-10-25 00:00:00+00
842,81,Reformas constitucionales,12,0.842696629213483,2017-10-25 00:00:00+00
843,81,Desigualdad,40,2.80898876404494,2017-10-25 00:00:00+00
844,81,Sistema judicial,39,2.73876404494382,2017-10-25 00:00:00+00
845,82,Pensiones,398,28.3880171184023,2018-12-18 00:00:00+00
846,82,Corrupción,97,6.91868758915835,2018-12-18 00:00:00+00
847,82,"Delincuencia, asaltos y robos",293,20.8987161198288,2018-12-18 00:00:00+00
848,82,Derechos humanos,11,0.784593437945792,2018-12-18 00:00:00+00
849,82,Educación,106,7.56062767475036,2018-12-18 00:00:00+00
85,34,Protección del medio ambiente,11,0.731382978723404,1998-04-01 00:00:00+00
850,82,Empleo,70,4.99286733238231,2018-12-18 00:00:00+00
851,82,Pobreza,60,4.27960057061341,2018-12-18 00:00:00+00
852,82,Protección del medio ambiente,11,0.784593437945792,2018-12-18 00:00:00+00
853,82,Narcotráfico,51,3.6376604850214,2018-12-18 00:00:00+00
854,82,Salud,142,10.1283880171184,2018-12-18 00:00:00+00
855,82,Sueldos,67,4.77888730385164,2018-12-18 00:00:00+00
856,82,Transporte público,10,0.713266761768902,2018-12-18 00:00:00+00
857,82,Vivienda,28,1.99714693295292,2018-12-18 00:00:00+00
858,82,Reformas constitucionales,11,0.784593437945792,2018-12-18 00:00:00+00
859,82,Desigualdad,29,2.06847360912981,2018-12-18 00:00:00+00
86,34,Narcotráfico,88,5.85106382978723,1998-04-01 00:00:00+00
860,82,Sistema judicial,18,1.28388017118402,2018-12-18 00:00:00+00
861,83,No contesta,1,0.072463768115942,2019-06-13 00:00:00+00
862,83,Pensiones,404,29.2753623188406,2019-06-13 00:00:00+00
863,83,Corrupción,137,9.92753623188406,2019-06-13 00:00:00+00
864,83,"Delincuencia, asaltos y robos",276,20,2019-06-13 00:00:00+00
865,83,Derechos humanos,9,0.652173913043478,2019-06-13 00:00:00+00
866,83,Educación,108,7.82608695652174,2019-06-13 00:00:00+00
867,83,Empleo,65,4.71014492753623,2019-06-13 00:00:00+00
868,83,Pobreza,63,4.56521739130435,2019-06-13 00:00:00+00
869,83,Protección del medio ambiente,5,0.36231884057971,2019-06-13 00:00:00+00
87,34,Salud,143,9.50797872340426,1998-04-01 00:00:00+00
870,83,Narcotráfico,47,3.40579710144928,2019-06-13 00:00:00+00
871,83,Salud,135,9.78260869565217,2019-06-13 00:00:00+00
872,83,Sueldos,63,4.56521739130435,2019-06-13 00:00:00+00
873,83,Transporte público,6,0.434782608695652,2019-06-13 00:00:00+00
874,83,Vivienda,24,1.73913043478261,2019-06-13 00:00:00+00
875,83,Inmigración,7,0.507246376811594,2019-06-13 00:00:00+00
876,83,Reformas constitucionales,8,0.579710144927536,2019-06-13 00:00:00+00
877,83,Desigualdad,22,1.59420289855072,2019-06-13 00:00:00+00
878,84,No contesta,1,0.0668449197860962,2020-01-16 00:00:00+00
879,84,No sabe,1,0.0668449197860962,2020-01-16 00:00:00+00
88,34,Sueldos,106,7.04787234042553,1998-04-01 00:00:00+00
880,84,Pensiones,635,42.4465240641711,2020-01-16 00:00:00+00
881,84,Corrupción,80,5.3475935828877,2020-01-16 00:00:00+00
882,84,"Delincuencia, asaltos y robos",127,8.48930481283423,2020-01-16 00:00:00+00
883,84,Derechos humanos,18,1.20320855614973,2020-01-16 00:00:00+00
884,84,Educación,116,7.75401069518717,2020-01-16 00:00:00+00
885,84,Empleo,44,2.94117647058824,2020-01-16 00:00:00+00
886,84,Pobreza,40,2.67379679144385,2020-01-16 00:00:00+00
887,84,Protección del medio ambiente,6,0.401069518716578,2020-01-16 00:00:00+00
888,84,Narcotráfico,19,1.27005347593583,2020-01-16 00:00:00+00
889,84,Salud,177,11.831550802139,2020-01-16 00:00:00+00
89,34,Vivienda,80,5.31914893617021,1998-04-01 00:00:00+00
890,84,Sueldos,81,5.4144385026738,2020-01-16 00:00:00+00
891,84,Transporte público,11,0.735294117647059,2020-01-16 00:00:00+00
892,84,Vivienda,19,1.27005347593583,2020-01-16 00:00:00+00
893,84,Inmigración,2,0.133689839572192,2020-01-16 00:00:00+00
894,84,Reformas constitucionales,30,2.00534759358289,2020-01-16 00:00:00+00
895,84,Desigualdad,89,5.94919786096257,2020-01-16 00:00:00+00
896,85,No contesta,1,0.0693000693000693,2021-09-15 00:00:00+00
897,85,Pensiones,377,26.1261261261261,2021-09-15 00:00:00+00
898,85,Corrupción,112,7.76160776160776,2021-09-15 00:00:00+00
899,85,"Delincuencia, asaltos y robos",263,18.2259182259182,2021-09-15 00:00:00+00
9,29,Salud,201,13.4448160535117,1995-01-06 00:00:00+00
90,34,Reformas constitucionales,29,1.9281914893617,1998-04-01 00:00:00+00
900,85,Derechos humanos,30,2.07900207900208,2021-09-15 00:00:00+00
901,85,Educación,119,8.24670824670825,2021-09-15 00:00:00+00
902,85,Empleo,55,3.81150381150381,2021-09-15 00:00:00+00
903,85,Pobreza,79,5.47470547470548,2021-09-15 00:00:00+00
904,85,Protección del medio ambiente,19,1.31670131670132,2021-09-15 00:00:00+00
905,85,Narcotráfico,47,3.25710325710326,2021-09-15 00:00:00+00
906,85,Salud,153,10.6029106029106,2021-09-15 00:00:00+00
907,85,Sueldos,57,3.95010395010395,2021-09-15 00:00:00+00
908,85,Transporte público,9,0.623700623700624,2021-09-15 00:00:00+00
909,85,Vivienda,36,2.49480249480249,2021-09-15 00:00:00+00
91,34,"Alzas de precios, inflación",114,7.57978723404255,1998-04-01 00:00:00+00
910,85,Inmigración,14,0.97020097020097,2021-09-15 00:00:00+00
911,85,Desigualdad,50,3.46500346500346,2021-09-15 00:00:00+00
912,85,Pandemia por Covid-19,22,1.52460152460152,2021-09-15 00:00:00+00
913,86,No contesta,1,0.0738007380073801,2022-06-09 00:00:00+00
914,86,Pensiones,235,17.3431734317343,2022-06-09 00:00:00+00
915,86,Corrupción,41,3.02583025830258,2022-06-09 00:00:00+00
916,86,"Delincuencia, asaltos y robos",318,23.4686346863469,2022-06-09 00:00:00+00
917,86,Derechos humanos,13,0.959409594095941,2022-06-09 00:00:00+00
918,86,Educación,96,7.08487084870849,2022-06-09 00:00:00+00
919,86,Empleo,35,2.5830258302583,2022-06-09 00:00:00+00
92,34,Infraestructura,15,0.997340425531915,1998-04-01 00:00:00+00
920,86,Pobreza,57,4.20664206642066,2022-06-09 00:00:00+00
921,86,Protección del medio ambiente,12,0.885608856088561,2022-06-09 00:00:00+00
922,86,Narcotráfico,116,8.56088560885609,2022-06-09 00:00:00+00
923,86,Salud,135,9.96309963099631,2022-06-09 00:00:00+00
924,86,Sueldos,41,3.02583025830258,2022-06-09 00:00:00+00
925,86,Transporte público,2,0.14760147601476,2022-06-09 00:00:00+00
926,86,Vivienda,35,2.5830258302583,2022-06-09 00:00:00+00
927,86,Inmigración,37,2.73062730627306,2022-06-09 00:00:00+00
928,86,Desigualdad,27,1.99261992619926,2022-06-09 00:00:00+00
929,86,"Alzas de precios, inflación",46,3.39483394833948,2022-06-09 00:00:00+00
93,34,Sistema judicial,68,4.52127659574468,1998-04-01 00:00:00+00
930,86,Pandemia por Covid-19,3,0.22140221402214,2022-06-09 00:00:00+00
931,86,Violencia,105,7.74907749077491,2022-06-09 00:00:00+00
932,88,No contesta,2,0.138792505204719,2023-01-04 00:00:00+00
933,88,No sabe,1,0.0693962526023595,2023-01-04 00:00:00+00
934,88,Pensiones,245,17.0020818875781,2023-01-04 00:00:00+00
935,88,Corrupción,63,4.37196391394865,2023-01-04 00:00:00+00
936,88,"Delincuencia, asaltos y robos",418,29.0076335877863,2023-01-04 00:00:00+00
937,88,Derechos humanos,9,0.624566273421235,2023-01-04 00:00:00+00
938,88,Educación,95,6.59264399722415,2023-01-04 00:00:00+00
939,88,Empleo,45,3.12283136710618,2023-01-04 00:00:00+00
94,35,No contesta,10,0.664451827242525,1998-09-06 00:00:00+00
940,88,Pobreza,45,3.12283136710618,2023-01-04 00:00:00+00
941,88,Protección del medio ambiente,10,0.693962526023595,2023-01-04 00:00:00+00
942,88,Narcotráfico,133,9.22970159611381,2023-01-04 00:00:00+00
943,88,Salud,116,8.0499653018737,2023-01-04 00:00:00+00
944,88,Sueldos,49,3.40041637751561,2023-01-04 00:00:00+00
945,88,Transporte público,12,0.832755031228314,2023-01-04 00:00:00+00
946,88,Vivienda,31,2.15128383067314,2023-01-04 00:00:00+00
947,88,Inmigración,51,3.53920888272033,2023-01-04 00:00:00+00
948,88,Desigualdad,25,1.73490631505899,2023-01-04 00:00:00+00
949,88,"Alzas de precios, inflación",37,2.5676613462873,2023-01-04 00:00:00+00
95,35,No sabe,6,0.398671096345515,1998-09-06 00:00:00+00
950,88,Violencia,45,3.12283136710618,2023-01-04 00:00:00+00
951,88,La Constitución,9,0.624566273421235,2023-01-04 00:00:00+00
952,89,Pensiones,222,15.1329243353783,2023-07-27 00:00:00+00
953,89,Corrupción,145,9.88411724608044,2023-07-27 00:00:00+00
954,89,"Delincuencia, asaltos y robos",366,24.9488752556237,2023-07-27 00:00:00+00
955,89,Derechos humanos,7,0.477164280845262,2023-07-27 00:00:00+00
956,89,Educación,59,4.02181322426721,2023-07-27 00:00:00+00
957,89,Empleo,34,2.31765507839127,2023-07-27 00:00:00+00
958,89,Pobreza,106,7.22563053851397,2023-07-27 00:00:00+00
959,89,Protección del medio ambiente,3,0.204498977505113,2023-07-27 00:00:00+00
96,35,Corrupción,131,8.70431893687708,1998-09-06 00:00:00+00
960,89,Narcotráfico,72,4.9079754601227,2023-07-27 00:00:00+00
961,89,Salud,216,14.7239263803681,2023-07-27 00:00:00+00
962,89,Sueldos,34,2.31765507839127,2023-07-27 00:00:00+00
963,89,Transporte público,10,0.681663258350375,2023-07-27 00:00:00+00
964,89,Vivienda,27,1.84049079754601,2023-07-27 00:00:00+00
965,89,Inmigración,41,2.79481935923654,2023-07-27 00:00:00+00
966,89,Desigualdad,27,1.84049079754601,2023-07-27 00:00:00+00
967,89,"Alzas de precios, inflación",57,3.88548057259714,2023-07-27 00:00:00+00
968,89,Violencia,41,2.79481935923654,2023-07-27 00:00:00+00
969,90,No contesta,3,0.20297699594046,2023-11-20 00:00:00+00
97,35,"Delincuencia, asaltos y robos",246,16.3455149501661,1998-09-06 00:00:00+00
970,90,Pensiones,217,14.6820027063599,2023-11-20 00:00:00+00
971,90,Corrupción,149,10.0811907983762,2023-11-20 00:00:00+00
972,90,"Delincuencia, asaltos y robos",349,23.6129905277402,2023-11-20 00:00:00+00
973,90,Derechos humanos,7,0.47361299052774,2023-11-20 00:00:00+00
974,90,Educación,83,5.61569688768606,2023-11-20 00:00:00+00
975,90,Empleo,32,2.16508795669824,2023-11-20 00:00:00+00
976,90,Pobreza,97,6.56292286874154,2023-11-20 00:00:00+00
977,90,Protección del medio ambiente,14,0.94722598105548,2023-11-20 00:00:00+00
978,90,Narcotráfico,70,4.7361299052774,2023-11-20 00:00:00+00
979,90,Salud,223,15.0879566982409,2023-11-20 00:00:00+00
98,35,Derechos humanos,27,1.79401993355482,1998-09-06 00:00:00+00
980,90,Sueldos,29,1.96211096075778,2023-11-20 00:00:00+00
981,90,Transporte público,20,1.3531799729364,2023-11-20 00:00:00+00
982,90,Vivienda,30,2.0297699594046,2023-11-20 00:00:00+00
983,90,Inmigración,30,2.0297699594046,2023-11-20 00:00:00+00
984,90,Desigualdad,19,1.28552097428958,2023-11-20 00:00:00+00
985,90,"Alzas de precios, inflación",68,4.60081190798376,2023-11-20 00:00:00+00
986,90,Violencia,38,2.57104194857916,2023-11-20 00:00:00+00
987,91,Pensiones,274,18.5385656292287,2024-07-30 00:00:00+00
988,91,Corrupción,89,6.02165087956698,2024-07-30 00:00:00+00
989,91,"Delincuencia, asaltos y robos",435,29.4316644113667,2024-07-30 00:00:00+00
99,35,Educación,137,9.10299003322259,1998-09-06 00:00:00+00
990,91,Derechos humanos,14,0.94722598105548,2024-07-30 00:00:00+00
991,91,Educación,98,6.63058186738836,2024-07-30 00:00:00+00
992,91,Empleo,32,2.16508795669824,2024-07-30 00:00:00+00
993,91,Pobreza,85,5.7510148849797,2024-07-30 00:00:00+00
994,91,Protección del medio ambiente,26,1.75913396481732,2024-07-30 00:00:00+00
995,91,Narcotráfico,59,3.99188092016238,2024-07-30 00:00:00+00
996,91,Salud,122,8.25439783491204,2024-07-30 00:00:00+00
997,91,Sueldos,28,1.89445196211096,2024-07-30 00:00:00+00
998,91,Transporte público,6,0.40595399188092,2024-07-30 00:00:00+00
999,91,Vivienda,47,3.17997293640054,2024-07-30 00:00:00+00